<?xml version="1.0" encoding="UTF-8"?>
<!DOCTYPE mapper PUBLIC "-//mybatis.org//DTD Mapper 3.0//EN" "http://mybatis.org/dtd/mybatis-3-mapper.dtd">
<mapper namespace="cn.itcast.crud.dao.UserMapper">
    <resultMap id="UserResultMap" type="cn.itcast.pojo.User">
        <id column="id" property="id" />
        <result property="username" column="username" />
        <result property="password" column="password" />
    </resultMap>
    <select id="selectUserById" parameterType="java.lang.Integer" resultMap="UserResultMap">
        select username,password from users where id = #{id}
    </select>
    <insert id="addUser" parameterType="cn.itcast.pojo.User">
        insert into users(username, password) values (#{username}, #{password})
    </insert>
    <delete id="deleteUserByUsername" parameterType="java.lang.String">
        delete from users where username = #{username}
    </delete>
    <update id="updateUser" parameterType="cn.itcast.pojo.User">
        update users set username = #{username} ,password = #{password } where id = #{id}
    </update>
</mapper>