{
  "usingComponents": {
    "l-card":"../../../miniprogram_npm/lin-ui/card/index",
    "l-counter":"../../../miniprogram_npm/lin-ui/counter/index",
    "l-button":"../../../miniprogram_npm/lin-ui/button/index",
    "l-segment": "../../../miniprogram_npm/lin-ui/segment/index",
    "l-segment-item": "../../../miniprogram_npm/lin-ui/segment-item/index",
    "l-mask":"../../../miniprogram_npm/lin-ui/mask/index",
    "l-radio-group":"../../../miniprogram_npm/lin-ui/radio-group/index",
    "l-radio":"../../../miniprogram_npm/lin-ui/radio/index",
    "l-icon":"../../../miniprogram_npm/lin-ui/icon/index",
    "l-arc-popup":"../../../miniprogram_npm/lin-ui/arc-popup/index"
  }
}