<?xml version="1.0" encoding="UTF-8"?>
<!DOCTYPE mapper PUBLIC "-//mybatis.org//DTD Mapper 3.0//EN" "http://mybatis.org/dtd/mybatis-3-mapper.dtd">
<mapper namespace="Dao.UserMapper">
    <select id="selectByUser" resultType="Model.User">
        SELECT  id,
        username,
        password,
        email,
        FROM sysuser
        WHERE 1 = 1
        <if test="username != null and userName != ''">
            AND user_name LIKE CONCAT('%',#{username},'%')
        </if>
        <if test="email != null and email != ''">
            AND user_email = #{email}
        </if>
    </select>

    <update id="updateByIdSelective">
        UPDATE sysuser
        SET
        <if test="userName != null and userName != ''">
            username = #{userName},
        </if>
        <if test="userPassword != null and userPassword != ''">
            password = #{userPassword},
        </if>
        <if test="userEmail != null and userEmail != ''">
            email = #{userEmail},
        </if>
        id = #{id}
        WHERE id = #{id}
    </update>


    <select id="selectById" resultType="Model.User">
        SELECT id, username, password, email FROM sysuser WHERE id = #{id}
    </select>


</mapper>